FTP,VOICE,CBRS
0.965781,0.857272,0.798965
