FTP,VOICE,CBRS
0.976363636,0.967272727,0.955655172
